query_id,algorithm,path,hops,cost_km,expanded,max_frontier,runtime_ms,gap_pct
Q1,UCS,KUL -> HKT -> LED -> HEL -> KEF,4,11461.348578050694,1851,616,35.13170010410249,0.0
Q1,GBFS,KUL -> LHR -> KEF,2,12500.498489789588,2,246,14.149900060147047,9.066558831732419
Q1,A*,KUL -> HKT -> LED -> HEL -> KEF,4,11461.348578050694,69,409,16.072900034487247,0.0
Q2,UCS,SIN -> JNB -> GRU -> EZE,3,17817.356252826285,3002,620,45.40049994830042,0.0
Q2,GBFS,SIN -> JNB -> GRU -> EZE,3,17817.356252826285,3,262,11.324599967338145,0.0
Q2,A*,SIN -> JNB -> GRU -> EZE,3,17817.356252826285,151,330,13.244499918073416,0.0
Q3,UCS,NRT -> HKG -> MRU -> CPT,3,14813.319264012905,3042,1018,32.7522000297904,0.0
Q3,GBFS,NRT -> DOH -> JNB -> CPT,3,15811.29463537717,3,234,15.474200015887618,6.7370138560958415
Q3,A*,NRT -> HKG -> MRU -> CPT,3,14813.319264012905,63,496,12.154800002463162,0.0
Q1,Weighted A* (1.5h),KUL -> AMS -> KEF,2,12274.31753121269,2,317,15.948300017043948,7.093135224234337
Q2,Weighted A* (1.5h),SIN -> JNB -> GRU -> EZE,3,17817.356252826285,3,262,15.74039994738996,0.0
Q3,Weighted A* (1.5h),NRT -> CMB -> SEZ -> JNB -> CPT,4,14929.353967643605,4,189,10.88539999909699,0.7833133247360013
